NEWID,original_depth
1,0.1500001
2,0.4000001
